,name,time,tweet
0,Zamzam Auto Co.,2023-05-30 04:06:46+00:00,"#Zamzamauto.com#Volvo#TractorUnit#FH12(500)#4x2#2013#Green-Color# Sun Roof, Air - Condition, Heater, 2 diesel tank‚Ä¶ https://t.co/GoOKyTXRgL"
1,G Eswari,2023-05-30 04:06:11+00:00,"Volvo EX90 Twin Motor Performance Electric Car - Price, Other Specifications &amp; Review
https://t.co/XYgopdOpZg‚Ä¶ https://t.co/UaSCSaVdhI"
2,Zamzam Auto Co.,2023-05-30 04:06:04+00:00,"#Zamzamauto.com#Volvo#TractorUnit#FH12(500)#4x2#2013#Green-Color# Sun Roof, Air - Condition, Heater, 2 diesel tank‚Ä¶ https://t.co/YOEjFtZEZb"
3,G Eswari,2023-05-30 04:05:52+00:00,"Volvo EX90 Twin Motor Electric Car - Price, Other Specifications &amp; Review
https://t.co/npDiKbEICQ‚Ä¶ https://t.co/v8lMjYYz1f"
4,Zamzam Auto Co.,2023-05-30 04:05:26+00:00,"#Zamzamauto.com#Volvo#TractorUnit#FH12(500)#4x2#2013#Green-Color# Sun Roof, Air - Condition, Heater, 2 diesel tank‚Ä¶ https://t.co/qjqbRyFcKd"
5,Commercial Truck Parts,2023-05-30 04:03:33+00:00,"ad eBay - Headlamp 2004 - 2015 Volvo Vnl, Non-Protruding Lenses, Left Side, Chrome Finish. https://t.co/LmpxHKrNdt"
6,Monica A. Bulanday,2023-05-30 04:01:23+00:00,Shop/Book @volvocars #affiliate #sponsored #ad #brandambassador #volvoXmonicabulanday #volvo‚Ä¶ https://t.co/cJQzYewoM8
7,Bruno Drundridge,2023-05-30 03:49:32+00:00,"@TroopsinContact Not a Volvo, but it‚Äôs still pretty hard to beat a S124. I recently joined the wagon club but I‚Äôm a‚Ä¶ https://t.co/7KTAiPL92F"
8,Filomena7eJWVl,2023-05-30 03:37:27+00:00,NEVOSA 20752917 Car Electric Power Window Control Switch For Volvo Truck FM12 FH12 Auto Truck Accessories BUIMCFE‚Ä¶ https://t.co/OY2G8prqVV
9,Autocar Professional,2023-05-30 03:21:41+00:00,Volvo Trucks launches new safety systems to keep cyclists &amp; pedestrians safe ‚Äì the Front Short Range Assist system‚Ä¶ https://t.co/navDvSgT0i
10,Car and Truck Trim,2023-05-30 03:18:09+00:00,ad eBay - Gray Suede Central Console Gear Shift Frame Trim For Volvo V60 2020-2023 1PCS https://t.co/7KututQsKi https://t.co/Rc2NU6iElL
11,CoPilot for Car Shopping,2023-05-30 03:16:29+00:00,@TESLA_winston @PolestarCars @volvocars You can really see the styling similarities with Polestar in the new Volvo EVs!
12,Daylight,2023-05-30 03:14:35+00:00,"@DaronAmpwave Yeah, it did have an insane turnout of cars but was way overshadowed by all the bad shit that happene‚Ä¶ https://t.co/HyRdMJH88j"
13,Brake Component Kits Car and Truck,2023-05-30 03:13:33+00:00,ad eBay - Disc Brake Upgrade Kit-Preferred - Single Axle Front fits 16-18 Volvo XC90 https://t.co/OvQcuHj0V3 https://t.co/9MvzkDxrhe
14,Travis,2023-05-30 03:13:07+00:00,"@Diego_Tamayo99 @danirish @coolbutstinky Go Volvo lol 

Most definitely. I've got hi/low gear box and diff lock too‚Ä¶ https://t.co/MBKpkHN1ae"
15,colerobinson,2023-05-30 03:13:05+00:00,@s41ty Volvo has so much potential in the enthusiast market‚Ä¶
16,Exterior Mouldings and Trim,2023-05-30 03:08:09+00:00,ad eBay - 2PCS Side Steps Running Boards Fits For Volvo XC90 2015-2020 Side Nerf Bars https://t.co/LhZmiUdHF5 https://t.co/cFKBim4zUa
17,Air Intake and Fuel Sensors Car and Truck,2023-05-30 03:08:04+00:00,ad eBay - For Volvo C70 1999 00 01 02 03 2004 Fuel Injection Manifold Pressure Sensor https://t.co/kCTSLqtokC https://t.co/cOO7AH4PuH
18,Scott Galvin,2023-05-30 03:04:37+00:00,"@lolitataub @founding FAST, SAFE, the startup landscape is starting to sound like a Volvo ad"
19,GucciShades #FreeMelee,2023-05-30 03:04:37+00:00,@hayabusa1340rr @danirish @coolbutstinky People highly underestimate the towing capacity of most cars and overestim‚Ä¶ https://t.co/rhkxKVDtLq
20,„É¢„Éº„Çø„Éº„Éà„Éî„ÉÉ„ÇØ„Çπ,2023-05-30 02:46:03+00:00,2021 Volvo S90 Recharge T8 Inscription - POV Test Drive (Binaural ... - YouTube https://t.co/1pdwn18FuH https://t.co/c1edouPzEJ
21,Nicholas,2023-05-30 02:44:38+00:00,@EvokeClassics I think it‚Äôs a Volvo Amazon
22,Gunnar.BauchIhK,2023-05-30 02:42:27+00:00,Idoing 16PIN Power Wiring Harness Android Radio optical fiber Adapter Cable for Volvo XC90 2004-2014 ALEZOAW‚Ä¶ https://t.co/Cq3oqym88w
23,Monica A. Bulanday,2023-05-30 02:42:00+00:00,Shop/Book @volvocars #affiliate #sponsored #ad #brandambassador #volvoXmonicabulanday #volvo‚Ä¶ https://t.co/g2gpbHDaMN
24,Lucy Vo Bumperautomobile,2023-05-30 02:41:46+00:00,"Volvo 830-834  bumper (1950‚Äì1958) by stainless steel
If you are interested bumpers, Please contact me:‚Ä¶ https://t.co/ONZwJGI7o0"
25,Lucy Vo Bumperautomobile,2023-05-30 02:40:10+00:00,"Volvo PV 444 bumpers with standard horns (1950-1953)
https://t.co/Pnocr2poxE
If you are interested bumpers, Please‚Ä¶ https://t.co/eG6XCdAoHG"
26,Steering and Suspension Leaf and Coil Springs,2023-05-30 02:40:09+00:00,ad eBay - Springs repartocorse Volvo S70 Type L Sedan 2.3T From 12/1996 https://t.co/oL95kayUdw https://t.co/vPo5IF2bnD
27,Lucy Vo Bumperautomobile,2023-05-30 02:38:52+00:00,"Volvo PV 444 (1947-1958) bumpers
https://t.co/MGhEKSSpCw
If you are interested bumpers, Please contact me:‚Ä¶ https://t.co/0CgR661rV4"
28,Lucy Vo Bumperautomobile,2023-05-30 02:36:48+00:00,"Volvo PV 544 USA type (1958-1965) bumpers
https://t.co/SAlhhK8dYi
If you are interested bumpers, Please contact me:‚Ä¶ https://t.co/aBWCaNIsff"
29,Lucy Vo Bumperautomobile,2023-05-30 02:35:08+00:00,"Volvo PV 544 Euro Version (1958-1965) bumpers
https://t.co/vyT2mzKjJ6
If you are interested bumpers, Please contact‚Ä¶ https://t.co/yE25rpFw3C"
30,Lucy Vo Bumperautomobile,2023-05-30 02:33:59+00:00,"Volvo P1800 Jensen Cow Horn (1961-1963) bumpers
https://t.co/EpalMBJ2a6
If you are interested bumpers, Please conta‚Ä¶ https://t.co/Sm7DiBRqU0"
31,Lucy Vo Bumperautomobile,2023-05-30 02:32:32+00:00,"Volvo P1800 S/ES bumper (1963‚Äì1973) by stainless steel
https://t.co/1lolmavgFD
If you are interested bumpers, Pleas‚Ä¶ https://t.co/5npPvhUB6i"
32,Lucy Vo Bumperautomobile,2023-05-30 02:30:51+00:00,"Volvo Amazon Kombi bumper (1962-1969) by stainless steel
https://t.co/C0FMO8gCHS
If you are interested bumpers, Ple‚Ä¶ https://t.co/G5XmIol7TY"
33,Rick,2023-05-30 02:29:14+00:00,@knitncamp @PaulFreitas33 @livingbyyyz A lot of them do. @HaltonPolice used to have a Volvo...in high school we called that the money maker.
34,Lucy Vo Bumperautomobile,2023-05-30 02:29:07+00:00,"Volvo Amazon Euro bumper (1956-1970) by stainless steel
https://t.co/Pk2WpMEXRw
If you are interested bumpers, Plea‚Ä¶ https://t.co/BIMSMvFayw"
35,Exterior Mouldings and Trim,2023-05-30 02:26:10+00:00,ad eBay - Silver Titanium Front Windshield Both Side Decor Strip For Volvo V60 2015-2018 https://t.co/R2TqFgYGX2 https://t.co/6lst9T9Uo9
36,Lucy Vo Bumperautomobile,2023-05-30 02:25:13+00:00,"Volvo Amazon USA style bumper (1956-1970) by stainless steel.
https://t.co/o4T75uJ2Uj
If you are interested bumpers‚Ä¶ https://t.co/nEmneDdk2Y"
37,BHH,2023-05-30 02:16:09+00:00,This should scare everyone. Add @Ford and @volvocars to the boycott and the first phase of the social credit score‚Ä¶ https://t.co/d5XUuaWOp6
38,Carscoops,2023-05-30 02:12:56+00:00,The first official photo of the Volvo EX30 confirms the legitimacy of the earlier patent drawings https://t.co/xpBzSas0Ru
39,SarawakJobs,2023-05-30 02:10:28+00:00,"FOTROENDE AUTOMOBILE SDN BHD / VOLVO is hiring !!
Position : Automotive Service Advisor
Location : Kuching
Please s‚Ä¶ https://t.co/q4Q8xA2i9W"
40,„ÄêBG„ÄëHikarinMorihika(HRMH) ALLONEÂÖ¨Âºè„Ç¢„É≥„Éê„Çµ„ÉÄ„Éº,2023-05-30 02:09:48+00:00,"[FS22 PS5]
This is a farming game, but I don't farm. @farmingsim_jp
#FS22 #FarmingSimulator22 
#LIZARD #MAN #VOLVO https://t.co/sg4VhMGC4i"
41,Grandville Man,2023-05-30 02:03:30+00:00,"I only had a brief experience with Volvo:  I test drove a friend‚Äôs 144 for a week. It seemed like a good car, but d‚Ä¶ https://t.co/4QhPACxwGn"
42,Dolly_Lemke46Yfhq,2023-05-30 02:00:26+00:00,"10PCS Ignition Keys 11039228 for Volvo Loader Haul Truck Heavy Equipment Laser Cut LE0OLFS

https://t.co/2RX1tyBCQJ https://t.co/0HQSMUCGsF"
43,Neerav Dembla,2023-05-30 01:50:36+00:00,@volvocarsin @VolvoGroup @volvocars @GeelyGroup @autocarindiamag @autocarpro @rushlane @ShobhaDubey20 handrest cove‚Ä¶ https://t.co/xKB2Zd6vYu
44,Addie_Leannon28sAqWR,2023-05-30 01:50:23+00:00,For Volvo XC90 2015-2021 Stainless Steel Car Exhaust Muffler Decorative Cover Exhaust pipe Cover Stickers Car Acces‚Ä¶ https://t.co/3AQdpBmXex
45,Addshop.net,2023-05-30 01:46:57+00:00,"Fudatong Gas Cap, Fuel Cap with Tether Replace Compatible with Volvo XC90 XC70 XC60 S60 S80 V60 V70 Accessories # 3‚Ä¶ https://t.co/F0BAkbFMsL"
46,Tech Products Reviews,2023-05-30 01:46:55+00:00,"Fudatong Gas Cap, Fuel Cap with Tether Replace Compatible with Volvo XC90 XC70 XC60 S60 S80 V60 V70 Accessories # 3‚Ä¶ https://t.co/WE09n5tuSq"
47,NoSleep,2023-05-30 01:44:50+00:00,@columbophile Sheesh..flying is better than driving..Volvo wouldn't even make it
48,Kofi Wiredu‚Ñ¢,2023-05-30 01:40:19+00:00,I need that Volvo S90 in my life.
49,LUCI‚í∂NO „Ñ£‚Éí,2023-05-30 01:39:05+00:00,shout out the volvo cutting up w/ me on
50,Nancy Liu,2023-05-30 01:35:36+00:00,Ê©°ËÉ∂ÊîØÂ∫ßÁîü‰∫ßËΩ¶Èó¥ Rubber seat/rubber mount/rubber support /rubber bracket for MAN Volvo Mercedes-Benz HOWO DONGFENG FAW AUMA‚Ä¶ https://t.co/6pyVnuQSxb
51,Eddie V,2023-05-30 01:35:01+00:00,"@VolvoCarUSA here is my car getting some dope tint https://t.co/y2Hty8vJ8C
#volvo #tint"
52,Steering and Suspension Leaf and Coil Springs,2023-05-30 01:31:03+00:00,ad eBay - Springs repartocorse Volvo S40 II Sedan 2.0D (2WD) From 01/2004 A https://t.co/srhSChwWCy https://t.co/mdir67zDKC
53,Nancy Liu,2023-05-30 01:20:49+00:00,"SINOTRUK HOWO Parts Az9631521174 Lower Control Arm for Sale Under The Thrust Rod Assembly
#truckparts #Sinotruk‚Ä¶ https://t.co/GzAvPqKnTz"
54,Anonomouse - Anonomouse1981,2023-05-30 01:17:32+00:00,@CAgovernor @grantshapps @GavinNewsom California to start challenging local built Lada with English Citrogen 45.1;‚Ä¶ https://t.co/w6lIfOD5wa
55,Anonomouse - Anonomouse1981,2023-05-30 01:15:00+00:00,"California to start challenging local built Lada with English Citrogen 45.1; ""With a top speed of 72, it's faster t‚Ä¶ https://t.co/02ooPKLLEk"
56,CHOICE,2023-05-30 01:12:14+00:00,"@sj26 You can of course still complain to Volvo about the poor performance of the service, and if you're unsatisfie‚Ä¶ https://t.co/6CghPGxp7I"
57,Lyric_StiedemannAEHz,2023-05-30 01:11:44+00:00,Xinyuexin Replacement Remote Silicone Car Key Shell Case Fob for Volvo XC90 C70 S60 D5 V50 S40 C30  No Logo  5 Butt‚Ä¶ https://t.co/2p7HUSVYwS
58,CV Joints Boots and Parts Car and Truck,2023-05-30 01:07:03+00:00,ad eBay - CV Axle Shaft Front Right fit for Volvo S80 2.5T without Viscous Clutch 04-06 https://t.co/bY4iRp93eZ https://t.co/hB3oH28v4i
59,Ian Imhof,2023-05-30 01:00:56+00:00,"@danny_mx @colinanders22 @ArcadeBumstead @coolbutstinky Jesus fuck dude, take the L and walk. Grew up on farms, gre‚Ä¶ https://t.co/EjmVpbhGA6"
60,üè≥Ô∏è‚Äçüåà Loose Unit,2023-05-30 00:57:32+00:00,"@darthlux Also, WTF is wrong with a Clio anyway?

I know someone in love with 1980's Volvo's. That's cool in its own wayüòÇü§£."
61,M.,2023-05-30 00:49:24+00:00,@s41ty It probably wouldn't have cause Volvo only makes like 5 cars a day. (I'm joking...but I'm not)
62,Commercial Truck Parts,2023-05-30 00:48:06+00:00,"ad eBay - Headlamp 2004 - 2015 Volvo Vnl Non-Protruding Lenses, Right Side Chrome Finish. https://t.co/23NueESPoB"
63,David Rios,2023-05-30 00:44:29+00:00,@SMHatLibs Yup.  I was driving for quite some time my dad‚Äôs old Volvo
64,Dancing With The Dead,2023-05-30 00:43:17+00:00,@DrCPorridge It's like a pair of rebellious teens attempting to annoy their mum and get her to turn the Volvo aroun‚Ä¶ https://t.co/8MSfCsoY9m
65,Bigtexgaming,2023-05-30 00:38:29+00:00,"Hey Guys, I am currently live on https://t.co/VpbbGKDsjt. 

Taking the Volvo out to remember the fallen this memori‚Ä¶ https://t.co/o4bEcJVdqc"
66,MobileMechanic Tampa,2023-05-30 00:36:04+00:00,The 2023 Volvo S60 Recharge Black Edition Is A Reworked Electrified Luxury Sedan https://t.co/FPjhD1E3ik https://t.co/DH8vk2jo7s
67,MobileMechanic SanDiego,2023-05-30 00:36:03+00:00,The 2023 Volvo S60 Recharge Black Edition Is A Reworked Electrified Luxury Sedan https://t.co/BvnAoqbeQQ https://t.co/mSjizQs8WB
68,Katja Presnal,2023-05-30 00:31:20+00:00,Software update = Volvo shuts down https://t.co/Ktuoen6PYV
69,Nelle_FlatleyTkzH,2023-05-30 00:23:51+00:00,EKIY X7 Android 10 Car Radio Stereo DVD Player For Volvo XC60 2009-2017 Navigaiton GPS Multimedia BT Autoradio Carp‚Ä¶ https://t.co/raYRePOlm3
70,Corine29TiDrA,2023-05-30 00:19:41+00:00,Car Steering Wheel Cover Non-Slip Hand Sewing Black Suede Leather Braid For Volvo XC90 S90 XC60 S60 V90CC 2015-2022‚Ä¶ https://t.co/c7AK3abXaL
71,Samuel Cochran.tf,2023-05-30 00:19:11+00:00,"@choiceaustralia Thanks! What about a vehicle, with mobile connectivity? We bought a Volvo and it has provided conn‚Ä¶ https://t.co/hYhaF01cDh"
72,AHH 2,2023-05-30 00:14:34+00:00,"2023 Volvo EX30 leaked before June 7 debut - EV SUV with 51 &amp; 69 kWh batteries; 480 km range; RWD, AWD -‚Ä¶ https://t.co/JFphzOziB0"
73,John Gordon,2023-05-30 00:08:10+00:00,@AGuyNicholson @GarryMcKay5 @GolfNorfolk The magic Volvo can appear in the most unexpected places. Ask‚Ä¶ https://t.co/0E7aRUGqcT
74,Electric Vehicle Parts,2023-05-30 00:07:35+00:00,ad eBay - Volvo EV Charger S60 S90 XC60 XC90 XC40 Dual Voltage Charging station 12A 40 Amp https://t.co/hP703Btnpe https://t.co/beeDTiqyQQ
75,Michael Feher (same @ on The Pliocene Pachyderm),2023-05-30 00:05:34+00:00,@koffee_mark @Pocket I‚Äôm not the one talking to their Volvo.
76,Peregrine Dreams,2023-05-30 00:04:35+00:00,@dani_elle831 @kylaschwaberow Psssh. I‚Äôd take the money and put it toward an Ariel Atom and a Volvo XC90. Not ashamed üòÇ
77,Elda16aERQ,2023-05-30 00:03:06+00:00,Applicable to Volvo XC40 atmosphere light upgrading led refitting atmosphere light colorful luxury version tool 92N‚Ä¶ https://t.co/OLhqmmhLdU
78,Lord Brett S.,2023-05-30 00:00:34+00:00,@k9cbw @derverla @thecarfactoids @neilmbriscoe @t2stu @DarraghMcKenna @TopOfTheTower @StvCr @MotoringArchive‚Ä¶ https://t.co/SAmHgkOaa8
79,Dutchy~,2023-05-29 23:59:28+00:00,I love the new Volvo https://t.co/zzssG67DRE
80,Jensen_RyanXIZc,2023-05-29 23:54:50+00:00,Zinc Alloy + Silicone Car Key Case Cover for Volvo S60 S90 XC40 XC60 XC90 V60 V90 Smart Remote Key Full Cover Prote‚Ä¶ https://t.co/3mpy5WlveP
81,The Bus Enthusiast,2023-05-29 23:52:11+00:00,@MarcJF241 @megabreadvan @Ste_Jones75 Yes it will be as will the ALX400 Volvo B7TL in Mainline Heritage Livery that‚Ä¶ https://t.co/srwZPP7mNj
82,Ó®ÄŸã,2023-05-29 23:48:16+00:00,"My mommy just asked me 

‚ÄúMarcell, what Volvo did you have?‚Äù 

The S60 üò´"
83,Kompananzi,2023-05-29 23:44:45+00:00,@444Cin444 Can be the NASA Ford Volkswagen Volvo etc have been building them for them for agesü§£ü§£
84,Chazz Griffith,2023-05-29 23:40:40+00:00,@TroopsinContact Saw a nice ass Volvo station wagon the other day and thought of you lol. A college kid owned it! T‚Ä¶ https://t.co/aEzagVgviy
85,dorkasaurus,2023-05-29 23:39:34+00:00,@VolvoCarUSA  I took 4 hours off work to get this serviced. After going back and forth I got a ride home from a fri‚Ä¶ https://t.co/TXO532m1fW
86,TREVOR,2023-05-29 23:39:14+00:00,"This is getting beyond a joke.
It seems Standard Procedure now to buy a truck and garage it the local truck stop.‚Ä¶ https://t.co/uEFgSFz67F"
87,Commercial Truck Parts,2023-05-29 23:38:08+00:00,"ad eBay - Headlamp 2004 - 2015 Volvo Vnl Non-Protruding Lenses, Right Side Chrome Finish. https://t.co/Pif1ZaqoGb"
88,D Lambrozza,2023-05-29 23:32:22+00:00,@TommyThornton @StanphylCap @MercedesBenzUSA @AudiOfficial Seeing a few Volvo and BMW electrics on the NY side of t‚Ä¶ https://t.co/nS8MR33o0Z
89,Wesley Miller,2023-05-29 23:25:20+00:00,"@RaslDasl Even as I sit this round out, continuing to drive my ICE Volvo that‚Äôs paid for, I‚Äôm glad this generation‚Ä¶ https://t.co/VOfcTnmUYL"
90,frankietumbledon,2023-05-29 23:24:29+00:00,@realderekwhite @ChaseTheTruth @InternetH0F Oh no whatever will Volvo do without your purchase
91,aloha üå∫,2023-05-29 23:05:19+00:00,@RobSean0x @EZebroni @Tesla @elonmusk Volvo uses exceptional paint quality
92,Fred Cilurso,2023-05-29 23:04:04+00:00,@softtail65 Going way back for this one.. 59 Volvo-Vernon Green &amp; The Medallions
93,Bill.Stokes33uIvh,2023-05-29 23:02:02+00:00,Car Trunk Mats For Volvo xc90 2010 2011 2012 2013 2014 2015 2016 2017 Anti-Dirty Protector Tray Cargo Liner Accesso‚Ä¶ https://t.co/q0BWD1L5CR
94,Brake Component Kits Car and Truck,2023-05-29 23:01:34+00:00,ad eBay - -Disc Brake Upgrade Kit-Select Pack - Single Axle Rear fits 2008 Volvo S80 https://t.co/qvkEJfyznP https://t.co/8KXszXHjEq
95,Gemma üá™üá∫üá¨üáßüá´üá∑üá™üá∏üáÆüáπüá©üá™üáπüá∑üá®üá≥üáøüá¶,2023-05-29 22:59:28+00:00,"@BranwenOShea The egg. Has a roof, headlights, a door, designed to protect those inside it. The old-time Volvo of cartoon cars."
96,Maciej K,2023-05-29 22:57:24+00:00,@SCSsoftware new MAN tested but I prefer my Volvo üòãüö®üö®üöõüöõüö®üö® #EuroTruckSimulator2 #volvofh #gaming #VirtualTrucker https://t.co/wT8FRmdAkQ
97,Wesley Miller,2023-05-29 22:56:09+00:00,"For a month, I‚Äôve thought this slight smell the Volvo had when I got home was something electronic. Which would be‚Ä¶ https://t.co/FLGwPjm0b8"
98,Hermann.EffertzTmgW,2023-05-29 22:55:49+00:00,134734 6 Pins Throttle Position TPS Sensor 134134 For Volvo 420126 420127 400467 400467 400468 133850 402502 TTMTOC‚Ä¶ https://t.co/KQkmEr29ZD
99,Pumkin223üè¥Û†ÅßÛ†Å¢Û†Å•Û†ÅÆÛ†ÅßÛ†Åø,2023-05-29 22:51:32+00:00,@gillboy27 @JMartinCountry Nice car   Volvo's are pretty safe cars
100,ùêöùê≥ùê´ùêûùê¢ùê•,2023-05-29 22:48:57+00:00,I just had the second worst brake check in my life. I‚Äôm glad to know my tires aren‚Äôt shit and don‚Äôt skid and that my Volvo‚Äôs brake work.
101,Jowel,2023-05-29 22:46:24+00:00,@ryukdoll I want a Volvo 142 or a V70
102,Sydni65MWt,2023-05-29 22:36:52+00:00,ANCEL VOD700 OBD2 Scanner All System Diagnostic Tool Automotive Scanner Car Tools Check Engine EPB SRS TPMS DPF Res‚Ä¶ https://t.co/WSG90eDCBC
103,Suspension and Steering Components,2023-05-29 22:33:34+00:00,ad eBay - 2010 VOLVO V70 2009-2016 STEERING RACK/BOX https://t.co/Oc2j8Ju8bj https://t.co/ch4yHsqPuq
104,Fundamental Research & Investor,2023-05-29 22:32:59+00:00,@OGMarsLife Let‚Äôs get $Pcar first. A supplier to Volvo Paccar told us that truck inventory is running low at OEMs.‚Ä¶ https://t.co/DivvtLvnFm
105,Carscoops,2023-05-29 22:30:00+00:00,Volvo XC40 rival features a 33-inch infotainment screen and choice of 1.5- or 2.0-liter turbo power #car #auto #cars https://t.co/Ej3E0Vji68
106,LDM The Towing Magazine,2023-05-29 22:29:59+00:00,"Tow Truck For Sale:
2012 Volvo FM / OMARS
285 000 km - 41 000 ‚Ç¨
https://t.co/jX7B3C1OR3

#SOSTruckForSale‚Ä¶ https://t.co/nmoeFsbtFD"
107,Tom Frederiksen,2023-05-29 22:29:35+00:00,Volvo - Made by Sweden - Vintersaga https://t.co/7Wu6zvHQ47 via @YouTube
108,JGH (#BLM),2023-05-29 22:26:32+00:00,"@rhys_stirling Any point you will do a tour of your preserved Volvo, and also what was the process to get it from the company by the way?"
109,Amanda Berriman,2023-05-29 22:25:14+00:00,@RachaelDunlop According to @NivenAudrey and @DebiAlper I'm missing something here (not the Volvo adverts). No spoi‚Ä¶ https://t.co/7irx081iVW
110,jrmac,2023-05-29 22:23:51+00:00,Well zero compression all 5 cylinders. Lesson learned. If you've got one of those volvo/Ford i5 turbos do not let a‚Ä¶ https://t.co/6eTIj0Ii05
111,George,2023-05-29 22:22:54+00:00,First trip with the new Volvo VNL delivering cattle across Wyoming (2/2).üöõüèúÔ∏èüêÇüêÇ https://t.co/0z4byrbxn8
112,George,2023-05-29 22:22:52+00:00,First trip with the new Volvo VNL delivering cattle across Wyoming (1/2).üöõüèúÔ∏èüêÇüêÇ https://t.co/Pc7L4Y9Wfm
113,Sting Wrayüó° üíô üöìüöíüöë,2023-05-29 22:22:47+00:00,"@EscortVehicle @dharford79 They use to be on the Volvo parts list, Vauxhall use to use the same ones!"
114,Maarten Windemuller,2023-05-29 22:18:10+00:00,"@OaksofSweden Volvo 164, 6 Cylinder line motor, I think around 1970 or later."
115,Death,2023-05-29 22:18:05+00:00,@FBI Colorado suspected phishing scam artist light skinned r medium brown complexion skinny/medium weight 5'7-6'2 3‚Ä¶ https://t.co/Qj0jY4okXv
116,Stephen Errity üáÆüá™üá™üá∫üá∫üá¶,2023-05-29 22:17:33+00:00,Lovely #Volvo #P1800 spotted in Kent today: https://t.co/eW88nVrb4G
117,Galahadfairlight,2023-05-29 22:15:29+00:00,"@PlugVelvan @GeorgeCochrane1 Shit, its a Volvo.......looks just like a bloody Vectra!"
118,Mondaq LawNewsCanada,2023-05-29 22:06:48+00:00,Software Development Delays New Volvo https://t.co/bAFa9ox5Bb By @CroweMacKay
119,Brake Pads Car and Truck,2023-05-29 22:04:03+00:00,ad eBay - EBC For Volvo C70 2006-2013 Front Brake Pads Redstuff https://t.co/6EhnQbpXqv https://t.co/tzbSfScbFU
120,·¥†…™·¥ã·¥õ·¥è Ä ·¥†·¥Ä·¥ú…¢ ú…¥,2023-05-29 22:03:32+00:00,I‚Äôve owned a dozen different makes of vehicles and by far Volvo is the absolute worst to wrench on. Needlessly comp‚Ä¶ https://t.co/ILoIn4WeJ8
121,Auto123,2023-05-29 22:00:22+00:00,2023 Volvo XC90 Review: The Beautiful Swedish Cocoon https://t.co/p6yfAniR1V
122,Grilles Car Truck,2023-05-29 21:50:04+00:00,"ad eBay - 78-85 Volvo 240 244 245 ""Four Eye"" Headlight Bezel and Grill Assembly OE https://t.co/J69YdHdG32 https://t.co/N3NlTvjgUu"
123,Gennaro97oxV,2023-05-29 21:50:02+00:00,Grandnavi Wireless Carplay Dongle Apple USB Adapter Car Multimedia Player for Audi Porsche Volkswagen Volvo Ford Ni‚Ä¶ https://t.co/30Ug64z9Rp
124,Rachael Dunlop,2023-05-29 21:43:43+00:00,I‚Äôm glad Succession is over so I don‚Äôt have to sit through those stupid Volvo ads saying ‚Äòthe best stories start wi‚Ä¶ https://t.co/FQZCnDoxxz
125,Erik J√§gervall,2023-05-29 21:43:17+00:00,"@OaksofSweden Early Volvo 164, so 1969-70?"
126,NiedermeyersDeadHorse aka NDH,2023-05-29 21:42:48+00:00,@TryNumberFive @Txp_RBI_Xctuxl I'll never not be pissed about that perfectly serviceable Volvo that they killed. It‚Ä¶ https://t.co/49Ve6txpLd
127,Sohom Datta,2023-05-29 21:41:23+00:00,@VolvoCarUSA  Received a mail in letter from Volvo Financial Services regarding privacy and limit information shari‚Ä¶ https://t.co/sOLHPx5Cdo
128,Elie,2023-05-29 21:41:14+00:00,".CO ccTLD Fact
Single letter #domain with .co.
https://t.co/aIZNSrQ662 owner Amazon
G. co owner Google‚Ä¶ https://t.co/aUc6LmN7lE"
129,Brosito üêª,2023-05-29 21:41:06+00:00,"Yeah... I might 
https://t.co/dRUfq28hqt"
130,Sunday World,2023-05-29 21:40:00+00:00,"All-electric BEV is a true seven-seater and has the style and comfort to rival the class leaders

https://t.co/8aIzCFp6kK"
131,Derek White,2023-05-29 21:37:11+00:00,@ChaseTheTruth @InternetH0F I was once interested in a Volvo option that was coming the next model year and the dea‚Ä¶ https://t.co/sEQLhJAt4Z
132,Lukas,2023-05-29 21:35:44+00:00,just saw a 1980 volvo 245 and i couldn‚Äôt get a pic üíî
133,Henry Lewis,2023-05-29 21:32:09+00:00,@PawsHero @mark1 @JulieMcmurphy @SmiffJim Norton is mineüòÇ Steve's Volvo is out of sight ü§≠ https://t.co/fwtY4arHPT
134,Unity / #F8 Jager,2023-05-29 21:29:17+00:00,@HumansNoContext No idea why my mate sent me a volvo https://t.co/ecv7Umwm85
135,Sydni65MWt,2023-05-29 21:28:32+00:00,For Volvo S90 S60 XC60 XC40 V60 V90 Polestar 1 2 New Colors Zinc Alloy Frame Refit Modification Key Shell Cover Fob‚Ä¶ https://t.co/tf5t97mR8L
136,Exterior Body and Frame Components,2023-05-29 21:21:33+00:00,"ad eBay - Volvo VNL Hood Mirror Assembly, Left https://t.co/L2apgD4Wwt https://t.co/Aql0cpCckg"
137,Kgthetweet,2023-05-29 21:21:09+00:00,"Once being a part of F35 program, now begging for F16 upgrades. F16 is like buying a 2nd hand Volvo in a US market. https://t.co/v4Dvv6OPBg"
138,- Ministry of Swedish Oaks üá∏üá™ -,2023-05-29 21:16:01+00:00,"The ‚ÄôThousand-Years-Oak‚Äô in Bosj√∂kloster with a Volvo 164 in the foreground

Can anyone guess the year the photo wa‚Ä¶ https://t.co/sZCqGIaIgf"
139,Gridio,2023-05-29 21:14:30+00:00,@Theo_vdv @EnergyRuud @fbeirao @volvocars Hi Theo. We currently support dynamic price charging + solar charging. Al‚Ä¶ https://t.co/wr9g4YUgxa
140,Steve,2023-05-29 21:09:37+00:00,@johnpugh1958 @DarrylMeades @KK77470 @CBWtweets My favourites were the L SDY batch which had Volvo TD102KF engines‚Ä¶ https://t.co/Xu6hXlQFPq
141,Chief Akudiba,2023-05-29 21:09:30+00:00,@UmeniynoraDaII Not as expensive as a Benz or a Tesla but people buy those more. Even though Volvo is safer.
142,Chief Akudiba,2023-05-29 21:06:16+00:00,Why are people not buying Volvo? That‚Äôs the safest car in the world.
143,Haskins Bayside Service Center,2023-05-29 21:01:00+00:00,"As an auto shop, we‚Äôre all about keeping your car on the road as long as possible. That‚Äôs why one of the most impre‚Ä¶ https://t.co/ca9fRD1vTK"
144,Or Bellaish,2023-05-29 20:58:40+00:00,I saw all the Referees with Volvo and I understood that I can piss on everyone https://t.co/VQKZ1fFOoO
145,SEA-MAC VALET,2023-05-29 20:55:37+00:00,@BenHooperHants @PaulWoodford84 @classicsdriven Audi's üî•üî•üî•‚ù§Ô∏è‚ù§Ô∏è‚ù§Ô∏è‚ù§Ô∏è‚ù§Ô∏è...... But the Volvo WOW. I forgot about them h‚Ä¶ https://t.co/ZxUbgQzecC
146,Mitchell Hurd,2023-05-29 20:54:28+00:00,@RandomBusesGirl I've not got both pictures but a big downgrade is from a Volvo B7RLE to a Wright Streetlite - Stre‚Ä¶ https://t.co/fO2OV1WShu
147,Car and Truck Lighting and Lamps,2023-05-29 20:53:33+00:00,ad eBay - 2015 2016 2017 2018 2019 2020 Volvo XC90 Left LH Driver Side LED Tail Light OEM https://t.co/5p7rMTyQDP https://t.co/N0ffWR74d2
148,Mitchell Hurd,2023-05-29 20:50:34+00:00,@BTF41 @LiamsTransport1 @FirstSmit_ I've known that livery for about 20 years üôÇ. First ever First Group bus I went‚Ä¶ https://t.co/0G1VNDA6HR
149,Sam,2023-05-29 20:50:33+00:00,"@_Peapea92 Haha, I love a Volvo and I love rock. Just the way it‚Äôs all middle class ‚Äòrock‚Äô makes me laugh."
150,sam,2023-05-29 20:47:36+00:00,@randomessays Always wanted a volvo 480 just for the pop up lights ü•∞ü•∞
151,Pea,2023-05-29 20:47:17+00:00,@samdruiff There is absolutely nothing wrong with a Volvo. Nor rock music. You take that back üòÇ
152,Steven J. Cernak,2023-05-29 20:44:20+00:00,@PGunigantiAT Agreed that Court has said that repeatedly and Ginsburg went out of her way to say it in Volvo and th‚Ä¶ https://t.co/Vsva3RnEp8
153,Marti,2023-05-29 20:41:22+00:00,"@s41ty I stopped buying Volvo's when ford took over, and the c30 is a ford focus. Stick with the Belgian 5 cyls üëå"
154,M Harrison,2023-05-29 20:36:44+00:00,@SoNowUknow2 Your Volvo will tell you
155,randomessays,2023-05-29 20:34:02+00:00,Resuming my rewatch of Howard‚Äôs way. Delights abound with Abbie in a bright red G plate Volvo 480ES and I‚Äôm sure ja‚Ä¶ https://t.co/wAJDXrAjtg
156,Vlad | üá∏üá™üá®üáøüá¶üáπüá¨üáß,2023-05-29 20:27:11+00:00,"@Edyzolansky @monsterzenx I actually googled it, its the gay man flag. The funny thing is the website i saw it on was volvo üò≠üò≠üò≠"
157,Baulitzi,2023-05-29 20:21:37+00:00,"@StellaInForest same. totally happy with my volvo from 2009, wouldnt even want some newer car with all their touchscreens and worse quality"
158,bee.,2023-05-29 20:21:06+00:00,This lil volvo truck is adorable
159,NuBari,2023-05-29 20:13:40+00:00,Paybac still hasn‚Äôt put Volvo Music on Boomplay. Getting on my nerves now surely.
160,Brake Pads Car and Truck,2023-05-29 20:12:33+00:00,ad eBay - EBC For Volvo V60 Cross Country 2015 2016 Front Brake Pads 2.5 Turbo T5 Redstuff https://t.co/jSCt5cWYBt https://t.co/S4A6BDlkZi
161,EMPIRE,2023-05-29 20:12:21+00:00,@Alpha_Yom Hope ur Volvo na 4 plugs
162,7000 Zooms Of Metal,2023-05-29 20:10:09+00:00,"Repeat after me:

""Yaag hell-scar Ghost""
""Sabaton air tongue Somme fan""

Congratulations, welcome to Sweden, here's‚Ä¶ https://t.co/dWITvV6uiJ"
163,Big Tam Photography,2023-05-29 20:04:02+00:00,"Part 2
11.05.23

#GarelochheadCoaches #citylink #scottishcitylink #stagecoach #volvo #volvobus #scania‚Ä¶ https://t.co/MIA8eNM98O"
164,Anita Balakrishnan,2023-05-29 20:02:40+00:00,"Totally missed this - Montreal's @dcbel_energy gets deal with Volvo's corporate VC arm, Volvo Cars Tech Fund earlie‚Ä¶ https://t.co/v5WdE10naH"
165,Big Tam Photography,2023-05-29 20:02:18+00:00,"Part 1
11.05.23

#citylink #salmonds #eandmhorseburgh #photoflashtravel #volvo #volvobus #scania #scaniabusies‚Ä¶ https://t.co/ZAHe5QROQd"
166,RentmyRydez,2023-05-29 19:51:19+00:00,"How much You Can Make With A Volvo xc90 üèéÔ∏èüõ•Ô∏è Full Video @  https://t.co/gt6bh9JDXE
.
.
.
.

#LGBTQ #EarthMix iOS 17‚Ä¶ https://t.co/crEohm9uvq"
167,Chris McCann,2023-05-29 19:49:18+00:00,@neil_mcshane Awesome mate enjoy‚Ä¶ we trip last Volvo on the way home lol üòÇ
168,Addshop.net,2023-05-29 19:48:16+00:00,"EVPRO Tire Valve Stem Caps Fit for Volvo XC90 XC60 XC40 S90 S60 Car Accessories, Metal Volvo Tire Valve Caps, Truck‚Ä¶ https://t.co/oHRqBIEP11"
169,Tech Products Reviews,2023-05-29 19:48:14+00:00,"EVPRO Tire Valve Stem Caps Fit for Volvo XC90 XC60 XC40 S90 S60 Car Accessories, Metal Volvo Tire Valve Caps, Truck‚Ä¶ https://t.co/ppI61newoU"
170,Diecast and Toy Vehicles,2023-05-29 19:45:09+00:00,ad eBay - DCP 1/64 Scale Volvo 300 Day Cab Vons With 53‚Äô Refrigerated Trailer Sold Out https://t.co/TGHhIUFA8h
171,Heather Brien,2023-05-29 19:32:26+00:00,@kelly_ques A totally restored yellow and white Nash Metropolitan or a totally restored green Volvo 240.
172,R A Comfort,2023-05-29 19:29:53+00:00,"@VolvoCarUSA @MercedesBenzUSA 
@Hyundai @Kia 
#southeastusaplants
#non-unionshops
VOLVO, MERCEDES, HYUNDAI, KIA &amp; V‚Ä¶ https://t.co/XGmgW9VcED"
173,hans-jochem,2023-05-29 19:29:30+00:00,@VolvoCarNL hits ‚Ç¨500 000  Russian car. Russian car total loss. Volvo needs door repairs. Need to say more? https://t.co/0mcvdNfXq4
174,MYNTOR,2023-05-29 19:26:58+00:00,"Volvo VNL - American Truck Simulator | Thrustmaster TX Gameplay
YouTube Link https://t.co/h7UnBCrAkv‚Ä¶ https://t.co/gPeTyGqWsd"
175,Antonio Cabrera,2023-05-29 19:17:44+00:00,@Sinnaig Internacional Maxx pro is so bad any truck driver in America choice even a volvo semi than the piece of ga‚Ä¶ https://t.co/cDtqhBh6Yt
176,Daniela_Hettinger89VbXj,2023-05-29 19:16:00+00:00,OkeyTech For Volvo XC60 XC40 S90 V40 XC70 V70 S40 V50 Remote Car Smart Key Fob Cover Case Replacement Holder 5 6 Bu‚Ä¶ https://t.co/kyncSz6dRA
177,Andrew Ferguson,2023-05-29 19:12:16+00:00,I also heard about a meeting of 1950's clapped out old bangers which sounded a lot like a description of me - then‚Ä¶ https://t.co/JuhNa1s8Vu
178,Navid (bruh/brotha)üî∞,2023-05-29 19:12:16+00:00,@HaydenM16 Volvo drift with turbo type beat
179,Europa Truck Parts,2023-05-29 19:08:54+00:00,"SEAT BASE TRIMMED IN LEATHER This SEAT BASE is perfect for all your truck seating needs, expertly trimmed in high-q‚Ä¶ https://t.co/BMbY9kQX3V"
180,Porter Rekayasa Unggul,2023-05-29 19:07:10+00:00,"Delivery batch 2 to PT. Thiess Site Wada Bay.
10 unit Rock Body 29m3 Capacity on Mercedes-Benz Arocs 4845 8x4, 1 Un‚Ä¶ https://t.co/WWWTmhXReI"
181,Mr Enigma,2023-05-29 19:01:24+00:00,"@MattTakeTwo I had an old Volvo 850, went straight for the coloured wax and didn't bother with spray.
Used to keep‚Ä¶ https://t.co/VyAhfZvMwW"
182,CarTender,2023-05-29 19:00:28+00:00,"Do you need your Volvo repaired? Stop on by! 
#cartender #autorepair #autoshop https://t.co/DWMdBj6ymj"
183,roger cox,2023-05-29 19:00:17+00:00,"@Lordflashh3art They are not value for money, they are a Gucci handbag on wheels, that‚Äôs a kit car, airflow meter f‚Ä¶ https://t.co/FutUCEC5wd"
184,Ballistic üáµüá∞,2023-05-29 18:55:45+00:00,"rito : we need an update every month to satisfy our players ü§ì‚òùÔ∏è
volvo : have game, forget about it‚Ä¶ https://t.co/mO5AnxZF24"
185,Craig ward,2023-05-29 18:54:42+00:00,@LewisStanding1 @WNJ85 @Iromg Why are you going on about Volvo and Tesla ? I‚Äôm talking about a 40 tone fully laden‚Ä¶ https://t.co/tXeu02a2Dx
186,Seelen the spider queen üï∑Ô∏è,2023-05-29 18:54:08+00:00,"@s41ty I'm on the list for the new Integra Type-S, but it's pricy as helllll for what it is, so I'm looking at alte‚Ä¶ https://t.co/BD5pkmsHi3"
187,Lewis Standing,2023-05-29 18:50:17+00:00,@craigward27 @WNJ85 @Iromg How do you explain that 2100kg Tesla model S going further on less diesel than the 1500k‚Ä¶ https://t.co/BB6EN3pe9t
188,Rambler Rogue,2023-05-29 18:46:53+00:00,@alantaylorjones @FalkenTyres @elan_pr It reminds me of a Volvo C30. Would it be considered a #ShootingBrake? https://t.co/uGV5vwfrwQ
189,Mike Gallagher üá¨üáß,2023-05-29 18:44:25+00:00,"@teresadg0 You kept a bit back from the house sale üëçüèª

What is it? It's not a Volvo so I've no ideaü§¶üèª‚Äç‚ôÇÔ∏è"
190,Raymond35GwzqP,2023-05-29 18:41:48+00:00,Fender for Volvo Xc60 2019 2020 2021 Car Mudguard Anti Dust Cover Rear Tire Mat Modification IESCUTE‚Ä¶ https://t.co/SaPM37tltw
191,AlwaysAshley,2023-05-29 18:37:54+00:00,"@OhNoNotThatDude Probably going with a Honda or Toyota but he was a hard no on a Volvo, a Mini Cooper, and not excited about a jeep."
192,Papi Mabele,2023-05-29 18:36:51+00:00,"The Volvo C40 Recharge has landed in Mzansi!

What you get for R1.2m is; 

- Stylish design
- Genuinely good perfor‚Ä¶ https://t.co/EZRbGB6Czp"
193,Findlay Leask,2023-05-29 18:36:29+00:00,"@LUDENClassics I papped this 940 yesterday (remember they were HUGE, right?) then passed by later and a new Ford Pu‚Ä¶ https://t.co/vYBQCJDwNn"
194,RentmyRydez,2023-05-29 18:35:46+00:00,"Making Money With The Volvo XC90 - How much you will make with a Volvo XC90! https://t.co/k1mX7294AC 
.
.
.
Mungiki‚Ä¶ https://t.co/GRnNLkslxS"
195,RiveraNotario üá®üá±üíôüíõ,2023-05-29 18:29:12+00:00,"The new #Majorette Volvo V90 in Swedish Customs livery is super realistic, #Sweden only | #Tullverket #Sverige‚Ä¶ https://t.co/oiMDJIsfJW"
196,notebookcheck.net,2023-05-29 18:26:34+00:00,Volvo EX30 officially slated to debut as compact electric SUV in June 2023 #notebookcheck #news #tech https://t.co/qa3lxQzKfe
197,Rassss,2023-05-29 18:20:08+00:00,@LozzaFox Thought you‚Äôre meant to be a millionaire? Mans driving a school run Volvo üòÖ
198,Charles Steadman,2023-05-29 18:16:48+00:00,@PhillisMinaj @spaceXrave @elonmusk @TesLatino Auto high beans are dire.  Any Volvo in the last 10 years has proper‚Ä¶ https://t.co/s8d2QDiVv2
199,CyberMark,2023-05-29 18:12:49+00:00,Once I used to have a Volvo V70 XC Wagon. In error rushing out of the garage one day I forgot the tailgate was left‚Ä¶ https://t.co/oWDxuBHvZ4
200,Royal_Runolfsson26echE,2023-05-29 18:06:11+00:00,24V LED Flashing Truck Ambient Light Roof Bumper Door Lamp Trailer Lorry Caravan Accessories Decoration For Volvo V‚Ä¶ https://t.co/iZwRqdjtUt
201,Richard Dunn,2023-05-29 18:05:53+00:00,@iandicko73 @shoe_jimmy1 @lagopusscoticus Or we could all go back to the estate car rather than the SUV - recent ep‚Ä¶ https://t.co/46MT0mYQ7j
202,Tamboer,2023-05-29 18:03:46+00:00,Topping up the Volvo to the brim with amps #saffa style https://t.co/VZBbrePONB
203,Autonomous Truck(er)s,2023-05-29 17:59:42+00:00,@_ROTE_ The one time Volvo was based?
204,ùòºùôßùôûùôñùô£ùôñ ùôÄùô°ùôûùô®ùôñùôóùôöùô©ùôù,2023-05-29 17:54:38+00:00,"@TheJessieKirk I also went to Trollh√§ttan to visit Saab, they had the first Saab model there to, that was just as e‚Ä¶ https://t.co/JADgQrRRSJ"
205,Helena32nYo,2023-05-29 17:54:36+00:00,Alloy Leather Car Key Case Cover Shell Fob For Volvo XC40 XC60 S90 XC90 V90 S60 Lv40 T5 T6 T8 1:1original Mold Auto‚Ä¶ https://t.co/E93UFEWdex
206,welcome,2023-05-29 17:53:01+00:00,"More #AGG #Generators in market to our New &amp; VIP customer. ‚òéÔ∏è Call +971588779987

#yearofsustainability‚Ä¶ https://t.co/1HsbRo5qPq"
207,Tim Sture,2023-05-29 17:47:06+00:00,@takeitev Numbers 3 (Volvo c40) and 4 (bmw iX) in the house at the moment. Numbers 1 (bmw i3) and 2 (Jaguar iPace)‚Ä¶ https://t.co/hW6hueuTPc
208,ùòºùôßùôûùôñùô£ùôñ ùôÄùô°ùôûùô®ùôñùôóùôöùô©ùôù,2023-05-29 17:45:47+00:00,"@TheJessieKirk In Sweden At The Volvo Museum They Have A Little Corner With A Volvo 1800 Dedicated To The Saint, I‚Ä¶ https://t.co/DxpY50xfAd"
209,Wiley94,2023-05-29 17:45:04+00:00,"Volvo XC40 Recharge Pure Electric Mobil YCL3GOB

https://t.co/RehBUSl02m https://t.co/gyveiei8p2"
210,Jonny Cooper,2023-05-29 17:44:12+00:00,"@HubNutVids @MissHubnut @idriveaclassic I travelled on a slightly later one, WRA 688Y, owned by Kettlewell's of Ret‚Ä¶ https://t.co/2UIkMzfRtT"
211,Manual Transmission Parts Car and Truck,2023-05-29 17:42:09+00:00,ad eBay - Transfer Case AWD Fits 12-16 VOLVO 70 SERIES 2432742 https://t.co/rpWc3TF83t https://t.co/X5SUHJxZFh
212,CV Joints Boots and Parts Car and Truck,2023-05-29 17:42:03+00:00,ad eBay - CV Axle Shaft Front Right Side fit for Volvo XC90 2.5T 2004 2005 2006 FWD https://t.co/ZYPkaHbQrd https://t.co/4cavsD7l9V
213,yas,2023-05-29 17:41:47+00:00,@ValueAnalyst1 @GuyDealership @WholeMarsBlog @mycaredge @Tesla @teslaownersSV @TeslaMotorsClub @CoxAutomotive‚Ä¶ https://t.co/AyOGw2MURm
214,edallical,2023-05-29 17:41:40+00:00,driving this for tomorrow's trucking Tuesdays the new Volvo VNL 860 put the flames on it and got the colors to matc‚Ä¶ https://t.co/2BVDuTNQTV
215,100.1FM The Ranch,2023-05-29 17:41:25+00:00,Unifor shares news of Wescast decision to close Wingham Foundary. It has been in operations since 1902 &amp; primarily‚Ä¶ https://t.co/aWAmPLmd3r
216,Kenny Mack üè¥Û†ÅßÛ†Å¢Û†Å≥Û†Å£Û†Å¥Û†Åøüá™üá∫,2023-05-29 17:38:37+00:00,@pjryan51 @mikedailly I‚Äôd buy an electric car if it could do the 650-700 miles I get from my Volvo. Try driving to‚Ä¶ https://t.co/FwNMXHSaTJ
217,Air Intake and Fuel Delivery Systems,2023-05-29 17:38:04+00:00,ad eBay - AHI Dosing Module For 12-17 Volvo &amp; Mack Trucks D11 D13 MP7 MP8 Engine 21534115 https://t.co/15vsKRX8Gv https://t.co/I3fMSHTDFn
218,Shoreline Classics FM,2023-05-29 17:37:43+00:00,Unifor shares news of Wescast decision to close Wingham Foundary. It has been in operations since 1902 &amp; primarily‚Ä¶ https://t.co/TlB6llkTwW
219,Costco Auto Program,2023-05-29 17:32:06+00:00,"Drive away in luxury during the Volvo Limited-Time Special now through July 31, 2023. Costco members can receive an‚Ä¶ https://t.co/B5gaznN2WM"
220,Radovan Radivojeviƒá,2023-05-29 17:26:42+00:00,"@anatoliisharii @ru_rbc Geely has 10% shares in Daimler (and that includes Smart brand too), alongside owning Volvo‚Ä¶ https://t.co/6WqQs1PI1A"
221,foodgospel.org ü•ò,2023-05-29 17:25:27+00:00,"VERY FEW vehicles allow me to fall in love with the quarter panel of their car ü•∞üëáüèæ

Volvo 122  #classiccars https://t.co/vGPBVdUH0P"
222,"Larry Thompson ""Cranky Old Dude"" Vote Blue",2023-05-29 17:24:40+00:00,"@jrodimon @RudeFulk Or a ""T-bone""  
I had an elderly couple in a new Volvo S80 a number of years ago, get into one‚Ä¶ https://t.co/x8pTqGzVd1"
223,David Andrews,2023-05-29 17:24:14+00:00,@GeorgeCochrane1 Should've bought a Volvo!
224,Wheel Bearings Hubs and Seals Car and Truck,2023-05-29 17:22:35+00:00,ad eBay - 2 Pcs Left or Right Side Rear Wheel Bearings For 2005-2011 Volvo S40 V50 https://t.co/FfIhTJ7qSf https://t.co/LXajctHGl8
225,"Really_Bad_At_Names, Good at Science",2023-05-29 17:18:35+00:00,@Synchronicity34 I thought that wasn't an EV until I noticed the grill- Volvo EV &amp; hybrid models havevslightly diff‚Ä¶ https://t.co/fU4yApzKrD
226,Bay Travel,2023-05-29 17:17:59+00:00,"Our driver Darren is out this week in one of our brand new @GlentonHolidays Volvo‚Äôs, visiting the Stratford area https://t.co/52B2Kht0y4"
227,üê¥Creepyhorsemanüê¥,2023-05-29 17:15:29+00:00,Silly roads! #ats #americantrucksimulator #creepyhorseman #thrustmaster #nextlevelracing #peterbilt #kenworth #mack‚Ä¶ https://t.co/TNxyxIhuhr
228,Knight75,2023-05-29 17:15:26+00:00,@Mick_O_Keeffe I was in Wexford town about three weeks ago and five of them got out of the back of a 2017 Volvo at‚Ä¶ https://t.co/5B5bc0FiIC
229,Jessrocksüá¨üáß,2023-05-29 17:15:21+00:00,@BarryBear11 You‚Äôd get on well after she‚Äôs squashed you with her Volvo ü§£ü§£‚ù§Ô∏è
230,SKANDIX AG,2023-05-29 17:12:27+00:00,"News: Air intake hose for Volvo 960, S90 and V90 https://t.co/JpXtrjEQXU #Volvo #960 #S90 #V90"
231,ùë∂ùíïùíîùíäùíçùíÜ ùë≤,2023-05-29 17:09:47+00:00,"Thor Electrified ‚ö°

This is the new Volvo C40 Recharge P8 AWD Ultimate which is powered by a dual electric motors a‚Ä¶ https://t.co/5HqHO9F1SD"
232,Craig ward,2023-05-29 17:03:55+00:00,@LewisStanding1 @WNJ85 @Iromg It‚Äôs not using less that‚Äôs my point what you don‚Äôt get and try to bring in Tesla and‚Ä¶ https://t.co/8b2PmAQPYP
233,Volvo Villa,2023-05-29 17:00:15+00:00,"Take on the world in style with the Volvo #XC90 - Volvo's flagship SUV. With its sophisticated design, the XC90 exu‚Ä¶ https://t.co/6lEEG303WD"
234,Kalyanakarnataka,2023-05-29 16:58:57+00:00,@KSRTC_Journeys @KKRTC_Journeys Pls operate Sleeper and Volvo buses between Mangalore and Kalaburgi. Unfortunately‚Ä¶ https://t.co/6TJsFrpHvk
235,Augustus.RomagueraSkK,2023-05-29 16:55:46+00:00,OYOTE 21212799 3812519 Impeller Seal Water Pump Repair Kit Sea Water Pump Rebuild Kit For Volvo Penta Gas Sterndriv‚Ä¶ https://t.co/FclLpTClc8
236,VolvoCarsRoyalOak,2023-05-29 16:55:35+00:00,With Volvo Genuine Service. It's as easy taking care of your car as it is enjoying it. Book your next appointment o‚Ä¶ https://t.co/JHLjpl0hA2
237,Kami Banani,2023-05-29 16:48:24+00:00,"i'm a benz and you're more like a volvo is still one of the greatest lines

also rito music when more true damage m‚Ä¶ https://t.co/bfjzjoQO17"
238,Linton Hart,2023-05-29 16:46:17+00:00,"Art of the Day: ""Volvo P1800 - Roger Moore - The Sain"". Buy at: https://t.co/OtS7rGmnZl https://t.co/TRMT9Wudtl"
239,Volvo Trucks UK,2023-05-29 16:46:06+00:00,"""I absolutely love it, I‚Äôve never had a Volvo before and now I don‚Äôt think I would ever change!"" says Connor Reeves‚Ä¶ https://t.co/MPeVivMoqF"
240,Jonah Hill,2023-05-29 16:41:24+00:00,@NhasiZviripayi @thabanimnyama I thought Sabot owned the Volvo franchise in Zim
241,Amanda Monthei,2023-05-29 16:37:47+00:00,@ms_me_with_that Seems like a job for a 1987 Volvo station wagon
242,Craig ward,2023-05-29 16:37:46+00:00,@LewisStanding1 @WNJ85 @Iromg And what has that got to do with the sed post ? Are they Tesla trucks ? No are they V‚Ä¶ https://t.co/AcxFPsbBVS
243,Lo Renz,2023-05-29 16:36:33+00:00,@teslaownersSV Well parked hit by volvo https://t.co/6c5dortOau
244,Vena.Bailey50ATND,2023-05-29 16:36:24+00:00,High Quality Rear Trunk Cargo Mat Floor Tray Boot Liner Waterproof For VOLVO C30 2006-2013 Protective Pad Auto part‚Ä¶ https://t.co/asw2ozcqS7
245,Craig ward,2023-05-29 16:36:24+00:00,@LewisStanding1 @WNJ85 @Iromg Who is on about a Tesla ? The tweet is about the welsh government using diesel genera‚Ä¶ https://t.co/FWPVbrZ7It
246,Frederic Py,2023-05-29 16:35:30+00:00,"@giulio_mattioli Wonder if Europe having some of the biggest car industry groups (VW, Mercedes and BMW ‚Ä¶ but also R‚Ä¶ https://t.co/pjUArUuQWK"
247,Bruce Henderson,2023-05-29 16:34:50+00:00,@CllrIanMcLennan @LKTranslator @Elemjay1 I do have a Volvo and the seats go down flat.....maybe some trims and lights to add?
248,Lewis Standing,2023-05-29 16:34:02+00:00,"@craigward27 @WNJ85 @Iromg The diesel generator provided 18 kWh of electricity using 4.460L, which was enough to dr‚Ä¶ https://t.co/H77tHaVGfC"
249,fun033,2023-05-29 16:31:27+00:00,Music clip  Italo Disco  The new Volvo Trucks ‚Äì FH https://t.co/KKy3CAkZIb via @YouTube
250,BrƒÅkleen (Seasoned),2023-05-29 16:16:37+00:00,"I thought my sigma and reliable Volvo C30 was pretty rare

only seen 3 others around here

but have only seen ONE V‚Ä¶ https://t.co/3OfEIvXi32"
251,franciscoguerrero.eth,2023-05-29 16:16:19+00:00,@s41ty Was it really? I have *never* seen anyone track a Volvo c30. I've seem more C70s at the track (1) than C30s
252,‚ú†Matt,2023-05-29 16:13:53+00:00,"Once the bikes finished a manual transmission, all wheel drive, 2.5 turbo volvo is gonna be my next project.

These‚Ä¶ https://t.co/JEcN9YBwks"
253,TheLiverDoc,2023-05-29 16:12:20+00:00,"@RajaniSurendarB There is actually a ""Tamil Nadu Ayush Sonologist Association."" Just like we may have a ""Volvo Bullock Cart Drivers Union."""
254,Pedersen_Volvo,2023-05-29 16:10:09+00:00,"‚ÄúThis is the day we pay homage to all those who didn‚Äôt come home. This is not Veterans Day, it‚Äôs not a celebration,‚Ä¶ https://t.co/PB0sFketd9"
255,Graham Bloomfield,2023-05-29 16:06:56+00:00,@jonnye47 Did a tip run to the recycling centre in my old Volvo estate - this felt like peak middle age
256,Nightmare_se,2023-05-29 16:06:24+00:00,"Volvo Trucks North America, Long bonnet... (VNL)
#ATS #simulation #convoy #TwitchStreamers #relaxed #chill‚Ä¶ https://t.co/YK9L3P7BZy"
257,Chippenham Motor Company,2023-05-29 16:02:41+00:00,"Whether you're towing a #caravan, #boat or #bike rack, our Towing Pack will keep you, your #Volvo and the things yo‚Ä¶ https://t.co/MpnxebSlNj"
258,Billybob,2023-05-29 16:01:55+00:00,"@GuyDealership My wife wants a used Volvo XC60, monitoring several slow movers, how many days on the lot until they‚Ä¶ https://t.co/litF0Aevmh"
259,Tide_Pod,2023-05-29 16:01:14+00:00,"@_sarrahb_ I did.  A 1960 Volvo PV544 with a bad solenoid in the starter motor.  Did that a lot, for months, becaus‚Ä¶ https://t.co/KWs8aABtBO"
260,AutoTech Pro,2023-05-29 16:01:03+00:00,"As an auto shop, we‚Äôre all about keeping your car on the road as long as possible. That‚Äôs why one of the most impre‚Ä¶ https://t.co/C4LqPFMzQP"
261,{ TPwn }üåü TheHitman_Official üåü,2023-05-29 16:00:01+00:00,"The new Volvo is here, What a sweet drive with this stock luxury beast 
#Volvo
#TruckingAdventures #GamerLife‚Ä¶ https://t.co/cEYopiHA9r"
262,irGwyn,2023-05-29 15:55:06+00:00,"@ali__samson no, it is not a Volvo"
263,Darrell.West43BWMD,2023-05-29 15:51:29+00:00,Crankshaft Pulley Holding Wrench Tool for Volvo 4/5 CYL 2.0/2.4 Diesel Engine Crankshaft Fixing Tool for Timing Bel‚Ä¶ https://t.co/ODPWPLLON2
264,Mohammed Yusuf,2023-05-29 15:50:45+00:00,First Drive: Volvo C40 Recharge ‚Äì Volvo‚Äôs back in Recharge https://t.co/OIPvlTHHgI https://t.co/eAYD2g9Jfa
265,Jonas,2023-05-29 15:47:32+00:00,"@AAAAA4A4AAAAA Damn, I want that Volvo"
266,TeslaGigaBull,2023-05-29 15:47:02+00:00,@TESLA_winston @PolestarCars @volvocars I note you didn‚Äôt own a later Volvo- my 2011 was still great.  My 2018 omg awful.
267,#GetLoud,2023-05-29 15:46:11+00:00,"@LiveBoston617 I vividly remember a group of kids in all black walk past his car, I turned my head and saw a orange‚Ä¶ https://t.co/tHbTcVkYyF"
268,Stuff South Africa,2023-05-29 15:45:01+00:00,First Drive: Volvo C40 Recharge - Volvo's back in Recharge https://t.co/JByCPfkJnp @VolvoCar_SA
269,K_Russell,2023-05-29 15:43:58+00:00,@IanHorsey @VolvoCarUK I'd have the Volvo. At least no risk of the 3 litre BMW engines blowing up and killing or ha‚Ä¶ https://t.co/EvNcsfCulg
270,Escort Vehicle Group Ltd,2023-05-29 15:43:46+00:00,@chris610_4 @dharford79 I think I‚Äôve seen them on the new gen Volvo XC60/90s
271,Dong Feng,2023-05-29 15:42:01+00:00,"We are special in diesel engine industry ,deal international brand diesel engine  for different application . MTU,D‚Ä¶ https://t.co/0ByPLg3rkg"
272,Add to Cart,2023-05-29 15:39:28+00:00,Right Driver Side Wing Door Mirror Glass For Volvo S60 2010-2018 Heated + Back Plate | Motor Vehicle Mirrors‚Ä¶ https://t.co/pGumAp3bme
273,BŒûNNI‚ûó,2023-05-29 15:33:50+00:00,I actually cannot stress enough how badly I want a Volvo.
274,Kenny Mack üè¥Û†ÅßÛ†Å¢Û†Å≥Û†Å£Û†Å¥Û†Åøüá™üá∫,2023-05-29 15:29:15+00:00,@pjryan51 @mikedailly Volvo V40 is around ¬£120 a month on fuel. No road tax. Around ¬£150 a month average for servic‚Ä¶ https://t.co/VPWbCbSxMc
275,Shobha Dubey,2023-05-29 15:27:03+00:00,@Neerav8888 Sorry to hear about the problems you are having with your Volvo S90. Unfortunately I am also in the sam‚Ä¶ https://t.co/yyGJlgUnpU
276,Alan Nishihara,2023-05-29 15:24:50+00:00,"Volvo Proves Anti-EV Trolls Wrong
 https://t.co/SBvAA6721n"
277,gonzüõ∫ü•©,2023-05-29 15:21:58+00:00,@BettridgeRich @Biggriffin4 @syph82 Ye but it‚Äôs a peasant spec Volvo I‚Äôd rather the stallion
278,Rhiannon.FerryLvGM,2023-05-29 15:17:06+00:00,HUALIC AP03 2Pcs High Pressure Low Electric Fuel Pump Assembly 21608511 for Volvo Penta 4.0 5.0 5.7L 7.4L 8.1L Engi‚Ä¶ https://t.co/jCYHWqWpkR
279,Trucky,2023-05-29 15:17:00+00:00,"How many have the new #VNL in their fleet?
Has any Trucky VTC managed to put enough miles on it yet for the first s‚Ä¶ https://t.co/T0n9KauKqF"
280,Jaylin,2023-05-29 15:12:30+00:00,"Daily delivery.
30 pieces of hydraulic pumps, 26 pieces of Final Drive and 10 wooden boxes of excavator accessories‚Ä¶ https://t.co/a3hgcA8uaP"
281,Kristin_Yundt,2023-05-29 15:08:57+00:00,"FTCHAAER Car Floor Mats For Volvo V90 Foot Coche Accessories Auto Carpets ESVJRXD

https://t.co/a939zLo54O https://t.co/yuOs7LnnYs"
282,üöåSimons Transport picsüöå,2023-05-29 15:05:19+00:00,"Stagecoach West Scotland Volvo B11/Plaxton Panorama 50418 YX69 LBV in Princes street, Edinburgh on a 900 to Glasgow https://t.co/pjdyV3a3NW"
283,XBox Game Pass Norge,2023-05-29 15:05:09+00:00,"At work wondering when  @PolestarCars will make its debut on @ForzaHorizon

Volvo V60 (PoleStar edition) is fun 
 ü§ç‚Ä¶ https://t.co/e3wMHDoIjL"
284,Crest Volvo Cars,2023-05-29 15:05:03+00:00,Happy Memorial Day from all of us at Crest Volvo Cars. https://t.co/e25i1DfkZk
285,üöåSimons Transport picsüöå,2023-05-29 15:03:13+00:00,Stagecoach East Scotland Volvo B11R/Plaxton Elite 53809 YY65 SXR at Ferrytoll Park and Ride on an X60 to  Edinburgh https://t.co/kdx83zmmU4
286,Kenny Mack üè¥Û†ÅßÛ†Å¢Û†Å≥Û†Å£Û†Å¥Û†Åøüá™üá∫,2023-05-29 15:01:07+00:00,"@pjryan51 @mikedailly I should spend my wages on something newer when I have a perfectly good, serviceable, fuel ef‚Ä¶ https://t.co/BHkMh5v8Ip"
287,üöåSimons Transport picsüöå,2023-05-29 15:00:39+00:00,Stagecoach East Scotland Volvo B11/Plaxton Elite 54358 YX67 UPC at Ferrytoll park and ride with an X59 to  Halbeath‚Ä¶ https://t.co/aROLXKOA5i
288,Volvo Cars of FW,2023-05-29 15:00:25+00:00,Thinking about making the switch to an electric vehicle? Take a look at our growing electric lineup as we have many‚Ä¶ https://t.co/PYtwA0H18i
289,World of Madness ! ! !,2023-05-29 14:59:54+00:00,@EvokeClassics Volvo Amazon with twin pipe exhaust
290,Efde90‚Äôs,2023-05-29 14:59:46+00:00,"When you educate your daughter on your childhood hero‚Äôs and this is what they come up with. ‚ù§Ô∏è
@JCVD @volvocars‚Ä¶ https://t.co/QiCxfASkQx"
291,Richard,2023-05-29 14:58:17+00:00,@AWokeZombie It's why I bought a used Volvo with 130k for cash. Refuse to finance new or used. Thanks Joe Biden you suck
292,Robb.Cummerata57EcX,2023-05-29 14:56:37+00:00,Wireless CarPlay Android Auto Decoder Box MuItimedia Interface Retrofit Kit For Volvo V40 V60 S60/S60L XC60 Origina‚Ä¶ https://t.co/uAYHmE6rdk
293,Meme Therapist üáøüá¶,2023-05-29 14:56:19+00:00,"@paulwebz1 @nyetaagaba Do you have like nice cars like Volvo, mbw and Mercedes in Uganda?"
294,absolutely fibulous,2023-05-29 14:55:43+00:00,best car is volvo.  best chair is lawn.  best food is from can.  conform
295,Marshall Volvo,2023-05-29 14:55:11+00:00,"Did you know that our Used Cars^ come with a 14 Day Money Back Guarantee? 

‚úÖ Reserve Online for ¬£99 
‚úÖ Test Drives‚Ä¶ https://t.co/aLsuydVgS2"
296,Shooter,2023-05-29 14:54:42+00:00,@jaedsawyer @CoreyLewis86 @PETROSPECT_R Volvo had one too IIRC.
297,Jack,2023-05-29 14:46:10+00:00,@rtrains67 Thought that's a Volvo DB300 1.9 TDI with nitrous injection leaving the BMW dealership to Doncaster via Edinburgh
298,Project Cars,2023-05-29 14:45:16+00:00,"Ad - 1967 Volvo Amazon
On eBay here --&gt;&gt; https://t.co/XwNOTdOpo4 https://t.co/iea7KB7dj2"
299,Steviemac üçã,2023-05-29 14:41:57+00:00,@EFCdaily_ @rowleydan @MailSport Fire up the Volvo
300,Lord Steven Knight @ STEVEN KNIGHT MEDIA (SKM),2023-05-29 14:38:41+00:00,"Fleet Update: Stagecoach Highlands
¬∑¬†Volvo B9R training vehicle 53617 has been reported by the company as transferr‚Ä¶ https://t.co/MqZm3c9c5M"
301,Chris Union Jack,2023-05-29 14:37:57+00:00,"@VolvoCarUK xc40 diesel ¬£375 per month 

Volvo xc40 recharge ¬£640 per month. 

Same chassis, electric car has less‚Ä¶ https://t.co/8Qqc9F2wX1"
302,Kumbi-M on Cars,2023-05-29 14:33:49+00:00,This is the Volvo C40 Recharge. Completely impressed by the Swede! (Think of it as a XC40 P8 coupe) Up to 444kms of‚Ä¶ https://t.co/ja0YD0gisN
303,Âåó„ÅÆÂÇçË¶≥„ÄÄÊó•„Éè„É†„ÄÄÊ±üË∂ä„Éï„Ç°„É≥,2023-05-29 14:32:10+00:00,@Volvo_to_gohan (T . T)(T . T)(T . T)(T . T)(T . T)
304,Elizabeth K Chadwell,2023-05-29 14:29:50+00:00,@elonmusk as a Volvo hybrid owner I‚Äôd love to be able to charge my car when traveling. Have you thought about selli‚Ä¶ https://t.co/9Xklr4h0qV
305,The James Bond Dossier üç∏,2023-05-29 14:29:34+00:00,"These aren‚Äôt the only cars Bond drives though.¬†After rescuing Camille from General Medrano, Bond takes a battered 1‚Ä¶ https://t.co/KGNwTsA7qd"
